{"name": "VERNET Bruno", "summary": {"matches": 9, "wins": 6, "losses": 3, "perfs": 0, "contres": 2, "win_rate": 0.6666666666666666, "diff_sets_total": 2, "dominance": 0.2222222222222222, "clutch_played": 3, "clutch_wins": 3, "clutch_rate": 1.0, "clutch_index": 0.33333333333333337, "opp_pts_mean": 705.57, "pointres_total": -7.0, "pointres_mean": -0.7777777777777778, "std_points_fftt": 4.802262841105402, "dispersion_perf_contre": 0.41573970964154905, "expected_wins": 7.117119235474261, "overperf": -1.1171192354742612}, "segments": {"equipe": {"p1_s4": {"phase": 1, "segment_id": 4, "segment_nom": "1 Déc -> 15 Jan", "matches": 3, "wins": 1, "losses": 2, "perfs": 0, "contres": 1, "win_rate": 0.3333333333333333, "diff_sets": -4, "pointres_total": -13.0, "pointres_mean": -4.333333333333333, "opp_pts_mean": 752.3333333333334, "expected_wins": 2.1497341223182755, "overperf": -1.1497341223182755}, "p2_s7": {"phase": 2, "segment_id": 7, "segment_nom": "Mars", "matches": 3, "wins": 3, "losses": 0, "perfs": 0, "contres": 0, "win_rate": 1.0, "diff_sets": 5, "pointres_total": 7.0, "pointres_mean": 2.3333333333333335, "opp_pts_mean": 650.3333333333334, "expected_wins": 2.6036530837402188, "overperf": 0.39634691625978125}, "p2_s8": {"phase": 2, "segment_id": 8, "segment_nom": "Avril", "matches": 3, "wins": 2, "losses": 1, "perfs": 0, "contres": 1, "win_rate": 0.6666666666666666, "diff_sets": 1, "pointres_total": -1.0, "pointres_mean": -0.3333333333333333, "opp_pts_mean": 714.0433333333334, "expected_wins": 2.363732029415767, "overperf": -0.3637320294157669}}, "tous": {"p1_s4": {"phase": 1, "segment_id": 4, "segment_nom": "1 Déc -> 15 Jan", "matches": 3, "wins": 1, "losses": 2, "perfs": 0, "contres": 1, "win_rate": 0.3333333333333333, "diff_sets": -4, "pointres_total": -13.0, "pointres_mean": -4.333333333333333, "opp_pts_mean": 752.3333333333334, "expected_wins": 2.1497341223182755, "overperf": -1.1497341223182755}, "p2_s7": {"phase": 2, "segment_id": 7, "segment_nom": "Mars", "matches": 3, "wins": 3, "losses": 0, "perfs": 0, "contres": 0, "win_rate": 1.0, "diff_sets": 5, "pointres_total": 7.0, "pointres_mean": 2.3333333333333335, "opp_pts_mean": 650.3333333333334, "expected_wins": 2.6036530837402188, "overperf": 0.39634691625978125}, "p2_s8": {"phase": 2, "segment_id": 8, "segment_nom": "Avril", "matches": 3, "wins": 2, "losses": 1, "perfs": 0, "contres": 1, "win_rate": 0.6666666666666666, "diff_sets": 1, "pointres_total": -1.0, "pointres_mean": -0.3333333333333333, "opp_pts_mean": 714.0433333333334, "expected_wins": 2.363732029415767, "overperf": -0.3637320294157669}}}, "timeline": {"equipe": [{"date": "12/12/2025", "match_id": 11498243.0, "phase": 1, "segment_id": 4, "segment_nom": "1 Déc -> 15 Jan", "opp_name": "INGRAIN Alban", "diff_pts": 241.5, "pts_start": 876.0, "opp_pts_start": 634.5, "win": true, "pointres": 2.0, "pointres_cum": 2.0, "points_est": 878.0, "expected_p": 0.8998405843039244, "expected_cum": 0.8998405843039244, "real_cum": 1, "overperf_cum": 0.10015941569607556, "perfs_cum": 0, "contres_cum": 0, "perf": 0, "contre": 0, "sets_for": 3, "sets_against": 1, "close_match": false}, {"date": "12/12/2025", "match_id": 11498246.0, "phase": 1, "segment_id": 4, "segment_nom": "1 Déc -> 15 Jan", "opp_name": "BASSET Olivier", "diff_pts": -20.5, "pts_start": 876.0, "opp_pts_start": 896.5, "win": false, "pointres": -5.0, "pointres_cum": -3.0, "points_est": 873.0, "expected_p": 0.4535434715165704, "expected_cum": 1.3533840558204948, "real_cum": 1, "overperf_cum": -0.3533840558204948, "perfs_cum": 0, "contres_cum": 0, "perf": 0, "contre": 0, "sets_for": 0, "sets_against": 3, "close_match": false}, {"date": "12/12/2025", "match_id": 11498254.0, "phase": 1, "segment_id": 4, "segment_nom": "1 Déc -> 15 Jan", "opp_name": "GUITTON Ludovic", "diff_pts": 150.0, "pts_start": 876.0, "opp_pts_start": 726.0, "win": false, "pointres": -10.0, "pointres_cum": -13.0, "points_est": 863.0, "expected_p": 0.7963500664977807, "expected_cum": 2.1497341223182755, "real_cum": 1, "overperf_cum": -1.1497341223182755, "perfs_cum": 0, "contres_cum": 1, "perf": 0, "contre": 1, "sets_for": 0, "sets_against": 3, "close_match": false}, {"date": "20/03/2026", "match_id": 12515645.0, "phase": 2, "segment_id": 7, "segment_nom": "Mars", "opp_name": "HUET Julien", "diff_pts": 210.5, "pts_start": 858.0, "opp_pts_start": 647.5, "win": true, "pointres": 2.0, "pointres_cum": -11.0, "points_est": 865.0, "expected_p": 0.8714271234956621, "expected_cum": 3.0211612458139374, "real_cum": 2, "overperf_cum": -1.0211612458139376, "perfs_cum": 0, "contres_cum": 1, "perf": 0, "contre": 0, "sets_for": 3, "sets_against": 2, "close_match": true}, {"date": "20/03/2026", "match_id": 12515649.0, "phase": 2, "segment_id": 7, "segment_nom": "Mars", "opp_name": "BERTRAND Gregory", "diff_pts": 222.5, "pts_start": 858.0, "opp_pts_start": 635.5, "win": true, "pointres": 2.0, "pointres_cum": -9.0, "points_est": 867.0, "expected_p": 0.8831627205974565, "expected_cum": 3.904323966411394, "real_cum": 3, "overperf_cum": -0.9043239664113941, "perfs_cum": 0, "contres_cum": 1, "perf": 0, "contre": 0, "sets_for": 3, "sets_against": 0, "close_match": false}, {"date": "20/03/2026", "match_id": 12515655.0, "phase": 2, "segment_id": 7, "segment_nom": "Mars", "opp_name": "AUBERT Valentin", "diff_pts": 190.0, "pts_start": 858.0, "opp_pts_start": 668.0, "win": true, "pointres": 3.0, "pointres_cum": -6.0, "points_est": 870.0, "expected_p": 0.8490632396471, "expected_cum": 4.753387206058494, "real_cum": 4, "overperf_cum": -0.7533872060584941, "perfs_cum": 0, "contres_cum": 1, "perf": 0, "contre": 0, "sets_for": 3, "sets_against": 2, "close_match": true}, {"date": "10/04/2026", "match_id": null, "phase": 2, "segment_id": 8, "segment_nom": "Avril", "opp_name": "PLOU Joaquin", "diff_pts": 197.5, "pts_start": 865.0, "opp_pts_start": 667.5, "win": true, "pointres": 3.0, "pointres_cum": -3.0, "points_est": 873.0, "expected_p": 0.8575947186340868, "expected_cum": 5.610981924692581, "real_cum": 5, "overperf_cum": -0.6109819246925808, "perfs_cum": 0, "contres_cum": 1, "perf": 0, "contre": 0, "sets_for": 3, "sets_against": 0, "close_match": false}, {"date": "10/04/2026", "match_id": null, "phase": 2, "segment_id": 8, "segment_nom": "Avril", "opp_name": "BEUCHER Alexandre", "diff_pts": 81.0, "pts_start": 865.0, "opp_pts_start": 784.0, "win": false, "pointres": -7.0, "pointres_cum": -10.0, "points_est": 866.0, "expected_p": 0.6762001723894238, "expected_cum": 6.287182097082004, "real_cum": 5, "overperf_cum": -1.2871820970820047, "perfs_cum": 0, "contres_cum": 2, "perf": 0, "contre": 1, "sets_for": 0, "sets_against": 3, "close_match": false}, {"date": "10/04/2026", "match_id": null, "phase": 2, "segment_id": 8, "segment_nom": "Avril", "opp_name": "ROCHETTE Ludovic", "diff_pts": 174.37, "pts_start": 865.0, "opp_pts_start": 690.63, "win": true, "pointres": 3.0, "pointres_cum": -7.0, "points_est": 869.0, "expected_p": 0.8299371383922562, "expected_cum": 7.11711923547426, "real_cum": 6, "overperf_cum": -1.117119235474261, "perfs_cum": 0, "contres_cum": 2, "perf": 0, "contre": 0, "sets_for": 3, "sets_against": 2, "close_match": true}], "tous": [{"date": "12/12/2025", "match_id": 11498243.0, "phase": 1, "segment_id": 4, "segment_nom": "1 Déc -> 15 Jan", "opp_name": "INGRAIN Alban", "diff_pts": 241.5, "pts_start": 876.0, "opp_pts_start": 634.5, "win": true, "pointres": 2.0, "pointres_cum": 2.0, "points_est": 878.0, "expected_p": 0.8998405843039244, "expected_cum": 0.8998405843039244, "real_cum": 1, "overperf_cum": 0.10015941569607556, "perfs_cum": 0, "contres_cum": 0, "perf": 0, "contre": 0, "sets_for": 3, "sets_against": 1, "close_match": false}, {"date": "12/12/2025", "match_id": 11498246.0, "phase": 1, "segment_id": 4, "segment_nom": "1 Déc -> 15 Jan", "opp_name": "BASSET Olivier", "diff_pts": -20.5, "pts_start": 876.0, "opp_pts_start": 896.5, "win": false, "pointres": -5.0, "pointres_cum": -3.0, "points_est": 873.0, "expected_p": 0.4535434715165704,