{"name": "VENTURI Jean-Pierre", "summary": {"matches": 12, "wins": 7, "losses": 5, "perfs": 0, "contres": 3, "perfs_possible": 2, "contres_possible": 10, "win_rate": 0.5833333333333334, "diff_sets_total": 9, "dominance": 0.75, "clutch_played": 5, "clutch_wins": 1, "clutch_rate": 0.2, "clutch_index": -0.38333333333333336, "opp_pts_mean": 901.0416666666666, "pointres_total": -13.0, "pointres_mean": -1.0833333333333333, "std_points_fftt": 5.947104804487268, "dispersion_perf_contre": 0.4330127018922193, "expected_wins": 8.578169311165674, "overperf": -1.5781693111656736}, "segments": {"equipe": {"p1_s4": {"phase": 1, "segment_id": 4, "segment_nom": "1 Déc -> 15 Jan", "matches": 3, "wins": 1, "losses": 2, "perfs": 0, "contres": 2, "win_rate": 0.3333333333333333, "diff_sets": -1, "pointres_total": -19.5, "pointres_mean": -6.5, "opp_pts_mean": 799.8333333333334, "expected_wins": 2.6204976444971666, "overperf": -1.6204976444971666}, "p2_s6": {"phase": 2, "segment_id": 6, "segment_nom": "Février", "matches": 3, "wins": 2, "losses": 1, "perfs": 0, "contres": 1, "win_rate": 0.6666666666666666, "diff_sets": 4, "pointres_total": -3.0, "pointres_mean": -1.0, "opp_pts_mean": 840.3333333333334, "expected_wins": 2.4078143184865146, "overperf": -0.4078143184865146}, "p2_s7": {"phase": 2, "segment_id": 7, "segment_nom": "Mars", "matches": 3, "wins": 2, "losses": 1, "perfs": 0, "contres": 0, "win_rate": 0.6666666666666666, "diff_sets": 3, "pointres_total": 6.5, "pointres_mean": 2.1666666666666665, "opp_pts_mean": 1030.9166666666667, "expected_wins": 1.5850498439117242, "overperf": 0.4149501560882758}, "p2_s8": {"phase": 2, "segment_id": 8, "segment_nom": "Avril", "matches": 3, "wins": 2, "losses": 1, "perfs": 0, "contres": 0, "win_rate": 0.6666666666666666, "diff_sets": 3, "pointres_total": 3.0, "pointres_mean": 1.0, "opp_pts_mean": 933.0833333333334, "expected_wins": 1.964807504270269, "overperf": 0.03519249572973093}}, "tous": {"p1_s4": {"phase": 1, "segment_id": 4, "segment_nom": "1 Déc -> 15 Jan", "matches": 3, "wins": 1, "losses": 2, "perfs": 0, "contres": 2, "win_rate": 0.3333333333333333, "diff_sets": -1, "pointres_total": -19.5, "pointres_mean": -6.5, "opp_pts_mean": 799.8333333333334, "expected_wins": 2.6204976444971666, "overperf": -1.6204976444971666}, "p2_s6": {"phase": 2, "segment_id": 6, "segment_nom": "Février", "matches": 3, "wins": 2, "losses": 1, "perfs": 0, "contres": 1, "win_rate": 0.6666666666666666, "diff_sets": 4, "pointres_total": -3.0, "pointres_mean": -1.0, "opp_pts_mean": 840.3333333333334, "expected_wins": 2.4078143184865146, "overperf": -0.4078143184865146}, "p2_s7": {"phase": 2, "segment_id": 7, "segment_nom": "Mars", "matches": 3, "wins": 2, "losses": 1, "perfs": 0, "contres": 0, "win_rate": 0.6666666666666666, "diff_sets": 3, "pointres_total": 6.5, "pointres_mean": 2.1666666666666665, "opp_pts_mean": 1030.9166666666667, "expected_wins": 1.5850498439117242, "overperf": 0.4149501560882758}, "p2_s8": {"phase": 2, "segment_id": 8, "segment_nom": "Avril", "matches": 3, "wins": 2, "losses": 1, "perfs": 0, "contres": 0, "win_rate": 0.6666666666666666, "diff_sets": 3, "pointres_total": 3.0, "pointres_mean": 1.0, "opp_pts_mean": 933.0833333333334, "expected_wins": 1.964807504270269, "overperf": 0.03519249572973093}}}, "timeline": {"equipe": [{"date": "12/12/2025", "match_id": 11498244.0, "phase": 1, "segment_id": 4, "segment_nom": "1 Déc -> 15 Jan", "opp_name": "DORBE Mathieu", "diff_pts": -253.0, "pts_start": 1030.0, "opp_pts_start": 777.0, "win": false, "pointres": -12.5, "pointres_cum": -12.5, "points_est": 1017.5, "expected_p": 0.9088770389851438, "expected_cum": 0.9088770389851438, "real_cum": 0, "overperf_cum": -0.9088770389851438, "perfs_cum": 0, "contres_cum": 1, "perf": 0, "contre": 1, "sets_for": 2, "sets_against": 3, "close_match": true}, {"date": "12/12/2025", "match_id": 11498248.0, "phase": 1, "segment_id": 4, "segment_nom": "1 Déc -> 15 Jan", "opp_name": "GUITTON Ludovic", "diff_pts": -304.0, "pts_start": 1030.0, "opp_pts_start": 726.0, "win": true, "pointres": 1.0, "pointres_cum": -11.5, "points_est": 1018.5, "expected_p": 0.9406788763179149, "expected_cum": 1.8495559153030587, "real_cum": 1, "overperf_cum": -0.8495559153030587, "perfs_cum": 0, "contres_cum": 1, "perf": 0, "contre": 0, "sets_for": 3, "sets_against": 2, "close_match": true}, {"date": "12/12/2025", "match_id": 11498252.0, "phase": 1, "segment_id": 4, "segment_nom": "1 Déc -> 15 Jan", "opp_name": "BASSET Olivier", "diff_pts": -133.5, "pts_start": 1030.0, "opp_pts_start": 896.5, "win": false, "pointres": -8.0, "pointres_cum": -19.5, "points_est": 1010.5, "expected_p": 0.7709417291941079, "expected_cum": 2.6204976444971666, "real_cum": 1, "overperf_cum": -1.6204976444971666, "perfs_cum": 0, "contres_cum": 2, "perf": 0, "contre": 1, "sets_for": 2, "sets_against": 3, "close_match": true}, {"date": "13/02/2026", "match_id": 12166487.0, "phase": 2, "segment_id": 6, "segment_nom": "Février", "opp_name": "GIRARD Dominique", "diff_pts": -155.0, "pts_start": 1005.0, "opp_pts_start": 850.0, "win": false, "pointres": -10.0, "pointres_cum": -29.5, "points_est": 1000.5, "expected_p": 0.8036225165352295, "expected_cum": 3.424120161032396, "real_cum": 1, "overperf_cum": -2.424120161032396, "perfs_cum": 0, "contres_cum": 3, "perf": 0, "contre": 1, "sets_for": 2, "sets_against": 3, "close_match": true}, {"date": "13/02/2026", "match_id": 12166491.0, "phase": 2, "segment_id": 6, "segment_nom": "Février", "opp_name": "BOUCHARD Mathieu", "diff_pts": -245.0, "pts_start": 1005.0, "opp_pts_start": 760.0, "win": true, "pointres": 2.0, "pointres_cum": -27.5, "points_est": 1002.5, "expected_p": 0.9026720167878192, "expected_cum": 4.326792177820216, "real_cum": 2, "overperf_cum": -2.326792177820215, "perfs_cum": 0, "contres_cum": 3, "perf": 0, "contre": 0, "sets_for": 3, "sets_against": 1, "close_match": false}, {"date": "13/02/2026", "match_id": 12166497.0, "phase": 2, "segment_id": 6, "segment_nom": "Février", "opp_name": "THIBAULT Thierry", "diff_pts": -94.0, "pts_start": 1005.0, "opp_pts_start": 911.0, "win": true, "pointres": 5.0, "pointres_cum": -22.5, "points_est": 1007.5, "expected_p": 0.7015197851634657, "expected_cum": 5.028311962983682, "real_cum": 3, "overperf_cum": -2.0283119629836808, "perfs_cum": 0, "contres_cum": 3, "perf": 0, "contre": 0, "sets_for": 3, "sets_against": 0, "close_match": false}, {"date": "20/03/2026", "match_id": 12508246.0, "phase": 2, "segment_id": 7, "segment_nom": "Mars", "opp_name": "BENBRAHIM Yani", "diff_pts": -375.25, "pts_start": 1002.0, "opp_pts_start": 626.75, "win": true, "pointres": 1.0, "pointres_cum": -21.5, "points_est": 1008.5, "expected_p": 0.9680577956613201, "expected_cum": 5.9963697586450015, "real_cum": 4, "overperf_cum": -1.9963697586450009, "perfs_cum": 0, "contres_cum": 3, "perf": 0, "contre": 0, "sets_for": 3, "sets_against": 0, "close_match": false}, {"date": "20/03/2026", "match_id": 12508250.0, "phase": 2, "segment_id": 7, "segment_nom": "Mars", "opp_name": "DUCHADEAU Joachim", "diff_pts": -48.0, "pts_start": 1002.0, "opp_pts_start": 954.0, "win": true, "pointres": 5.5, "pointres_cum": -16.0, "points_est": 1014.0, "expected_p": 0.6073922178013487, "expected_cum": 6.60376197644635, "real_cum": 5, "overperf_cum": -1.6037619764463495, "perfs_cum": 0, "contres_cum": 3, "perf": 0, "contre": 0, "sets_for": 3, "sets_against": 0, "close_match": false}, {"date": "20/03/2026", "match_id": 12508254.0, "phase": 2, "segment_id": 7, "segment_nom": "Mars", "opp_name": "RONDOL GRONDIN Loic", "diff_pts": 510.0, "pts_start": 1002.0, "opp_pts_start": 1512.0, "win": false, "pointres": 0.0, "pointres_cum": -16.0, "points_est": 1014.0, "expected_p": 0.009599830449055373, "expected_cum": 6.613361806895405, "real_cum": 5, "overperf_cum": -1.613361806895405, "perfs_cum": 0, "contres_cum": 3, "perf": 0, "contre": 0, "sets_for": 0, "sets_against": 3, "close_match": false}, {"date": "10/04/2026", "match_id": null, "phase": 2, "segment_id": 8,