{"name": "MENARD Patrick", "summary": {"matches": 12, "wins": 7, "losses": 5, "perfs": 0, "contres": 4, "perfs_possible": 1, "contres_possible": 11, "win_rate": 0.5833333333333334, "diff_sets_total": 5, "dominance": 0.4166666666666667, "clutch_played": 4, "clutch_wins": 2, "clutch_rate": 0.5, "clutch_index": -0.08333333333333337, "opp_pts_mean": 632.1041666666666, "pointres_total": -2.0, "pointres_mean": -0.16666666666666666, "std_points_fftt": 5.30461015427985, "dispersion_perf_contre": 0.47140452079103173, "expected_wins": 8.136548693227594, "overperf": -1.1365486932275939}, "segments": {"equipe": {"p1_s1": {"phase": 1, "segment_id": 1, "segment_nom": "Juil-Août-Sep", "matches": 3, "wins": 3, "losses": 0, "perfs": 0, "contres": 0, "win_rate": 1.0, "diff_sets": 5, "pointres_total": 10.0, "pointres_mean": 3.3333333333333335, "opp_pts_mean": 562.6666666666666, "expected_wins": 2.3870867905616993, "overperf": 0.6129132094383007}, "p1_s3": {"phase": 1, "segment_id": 3, "segment_nom": "Novembre", "matches": 6, "wins": 3, "losses": 3, "perfs": 0, "contres": 2, "win_rate": 0.5, "diff_sets": 0, "pointres_total": -3.0, "pointres_mean": -0.5, "opp_pts_mean": 659.2083333333334, "expected_wins": 3.783687208866132, "overperf": -0.783687208866132}, "p1_s4": {"phase": 1, "segment_id": 4, "segment_nom": "1 Déc -> 15 Jan", "matches": 3, "wins": 1, "losses": 2, "perfs": 0, "contres": 2, "win_rate": 0.3333333333333333, "diff_sets": 0, "pointres_total": -9.0, "pointres_mean": -3.0, "opp_pts_mean": 647.3333333333334, "expected_wins": 1.9657746937997622, "overperf": -0.9657746937997622}}, "tous": {"p1_s1": {"phase": 1, "segment_id": 1, "segment_nom": "Juil-Août-Sep", "matches": 3, "wins": 3, "losses": 0, "perfs": 0, "contres": 0, "win_rate": 1.0, "diff_sets": 5, "pointres_total": 10.0, "pointres_mean": 3.3333333333333335, "opp_pts_mean": 562.6666666666666, "expected_wins": 2.3870867905616993, "overperf": 0.6129132094383007}, "p1_s3": {"phase": 1, "segment_id": 3, "segment_nom": "Novembre", "matches": 6, "wins": 3, "losses": 3, "perfs": 0, "contres": 2, "win_rate": 0.5, "diff_sets": 0, "pointres_total": -3.0, "pointres_mean": -0.5, "opp_pts_mean": 659.2083333333334, "expected_wins": 3.783687208866132, "overperf": -0.783687208866132}, "p1_s4": {"phase": 1, "segment_id": 4, "segment_nom": "1 Déc -> 15 Jan", "matches": 3, "wins": 1, "losses": 2, "perfs": 0, "contres": 2, "win_rate": 0.3333333333333333, "diff_sets": 0, "pointres_total": -9.0, "pointres_mean": -3.0, "opp_pts_mean": 647.3333333333334, "expected_wins": 1.9657746937997622, "overperf": -0.9657746937997622}}}, "timeline": {"equipe": [{"date": "19/09/2025", "match_id": 10461227.0, "phase": 1, "segment_id": 1, "segment_nom": "Juil-Août-Sep", "opp_name": "NGO NGUYEN Minh Nhat Hugo", "diff_pts": -167.0, "pts_start": 713.0, "opp_pts_start": 546.0, "win": true, "pointres": 3.0, "pointres_cum": 3.0, "points_est": 716.0, "expected_p": 0.8202705880258625, "expected_cum": 0.8202705880258625, "real_cum": 1, "overperf_cum": 0.1797294119741375, "perfs_cum": 0, "contres_cum": 0, "perf": 0, "contre": 0, "sets_for": 3, "sets_against": 2, "close_match": true}, {"date": "19/09/2025", "match_id": 10461231.0, "phase": 1, "segment_id": 1, "segment_nom": "Juil-Août-Sep", "opp_name": "SEXTIUS Bertrand", "diff_pts": -157.0, "pts_start": 713.0, "opp_pts_start": 556.0, "win": true, "pointres": 3.0, "pointres_cum": 6.0, "points_est": 719.0, "expected_p": 0.8064760193765723, "expected_cum": 1.6267466074024348, "real_cum": 2, "overperf_cum": 0.3732533925975652, "perfs_cum": 0, "contres_cum": 0, "perf": 0, "contre": 0, "sets_for": 3, "sets_against": 0, "close_match": false}, {"date": "19/09/2025", "match_id": 10461235.0, "phase": 1, "segment_id": 1, "segment_nom": "Juil-Août-Sep", "opp_name": "FAITROP Aurelien", "diff_pts": -127.0, "pts_start": 713.0, "opp_pts_start": 586.0, "win": true, "pointres": 4.0, "pointres_cum": 10.0, "points_est": 723.0, "expected_p": 0.7603401831592645, "expected_cum": 2.3870867905616993, "real_cum": 3, "overperf_cum": 0.6129132094383006, "perfs_cum": 0, "contres_cum": 0, "perf": 0, "contre": 0, "sets_for": 3, "sets_against": 2, "close_match": true}, {"date": "14/11/2025", "match_id": 11070103.0, "phase": 1, "segment_id": 3, "segment_nom": "Novembre", "opp_name": "FEUILLE Tiago", "diff_pts": -101.25, "pts_start": 723.0, "opp_pts_start": 621.75, "win": false, "pointres": -8.0, "pointres_cum": 2.0, "points_est": 715.0, "expected_p": 0.7151347134167668, "expected_cum": 3.102221503978466, "real_cum": 3, "overperf_cum": -0.10222150397846619, "perfs_cum": 0, "contres_cum": 1, "perf": 0, "contre": 1, "sets_for": 1, "sets_against": 3, "close_match": false}, {"date": "14/11/2025", "match_id": 11070107.0, "phase": 1, "segment_id": 3, "segment_nom": "Novembre", "opp_name": "LEGRAND Frédéric", "diff_pts": -143.0, "pts_start": 723.0, "opp_pts_start": 580.0, "win": true, "pointres": 4.0, "pointres_cum": 6.0, "points_est": 719.0, "expected_p": 0.7858349830425586, "expected_cum": 3.888056487021025, "real_cum": 4, "overperf_cum": 0.1119435129789752, "perfs_cum": 0, "contres_cum": 1, "perf": 0, "contre": 0, "sets_for": 3, "sets_against": 1, "close_match": false}, {"date": "14/11/2025", "match_id": 11070111.0, "phase": 1, "segment_id": 3, "segment_nom": "Novembre", "opp_name": "OLIVEIRA Joao", "diff_pts": -98.0, "pts_start": 723.0, "opp_pts_start": 625.0, "win": true, "pointres": 5.0, "pointres_cum": 11.0, "points_est": 724.0, "expected_p": 0.709077741384586, "expected_cum": 4.597134228405611, "real_cum": 5, "overperf_cum": 0.4028657715943892, "perfs_cum": 0, "contres_cum": 1, "perf": 0, "contre": 0, "sets_for": 3, "sets_against": 0, "close_match": false}, {"date": "28/11/2025", "match_id": 11315580.0, "phase": 1, "segment_id": 3, "segment_nom": "Novembre", "opp_name": "MIONE Jacques", "diff_pts": 108.5, "pts_start": 723.0, "opp_pts_start": 831.5, "win": false, "pointres": -3.0, "pointres_cum": 8.0, "points_est": 721.0, "expected_p": 0.27163092559754315, "expected_cum": 4.868765154003155, "real_cum": 5, "overperf_cum": 0.13123484599684604, "perfs_cum": 0, "contres_cum": 1, "perf": 0, "contre": 0, "sets_for": 0, "sets_against": 3, "close_match": false}, {"date": "28/11/2025", "match_id": 11315585.0, "phase": 1, "segment_id": 3, "segment_nom": "Novembre", "opp_name": "HUGUET Nathan", "diff_pts": -9.5, "pts_start": 723.0, "opp_pts_start": 713.5, "win": false, "pointres": -5.0, "pointres_cum": 3.0, "points_est": 716.0, "expected_p": 0.5215774991235613, "expected_cum": 5.390342653126716, "real_cum": 5, "overperf_cum": -0.3903426531267153, "perfs_cum": 0, "contres_cum": 2, "perf": 0, "contre": 1, "sets_for": 0, "sets_against": 3, "close_match": false}, {"date": "28/11/2025", "match_id": 11315589.0, "phase": 1, "segment_id": 3, "segment_nom": "Novembre", "opp_name": "TAMBOSCO Bruno", "diff_pts": -139.5, "pts_start": 723.0, "opp_pts_start": 583.5, "win": true, "pointres": 4.0, "pointres_cum": 7.0, "points_est": 720.0, "expected_p": 0.7804313463011161, "expected_cum": 6.170773999427832, "real_cum": 6, "overperf_cum": -0.1707739994278314, "perfs_cum": 0, "contres_cum": 2, "perf": 0, "contre": 0, "sets_for": 3, "sets_against": 0, "close_match": false}, {"date": "09/01/2026", "match_id": 11676716.0, "phase": 1, "segment_id": 4, "segment_nom": "1 Déc -> 15 Jan", "opp_name": "HAUPT Erwin", "diff_pts": -18.5, "pts_start": 720.0, "opp_pts_start": 701.5, "win": true, "pointres": 6.0, "pointres_cum": 13.0, "points_est": 726.0, "expected_p": 0.5419466289908459, "expected_cum": 6.712720628418678, "real_cum": 7, "overperf_cum": 0.2872793715813227, "perfs_cum": 0, "contres_cum": 2, "perf": 0, "contre": 0, "sets_for": 3, "sets_against": 1, "close_match": false}, {"date": "09/01/2026", "match_id": 11676720.0, "phase": 1, "segment_id": 4, "segment_nom": "1 Déc -> 15 Jan", "opp_name": "PERSICHETTI Nicolas", "diff_pts": -110.75, "pts_start": 720.0, "opp_pts_start": 609.25, "win": false, "pointres": -8.0, "pointres_cum": 5.0, "points_est": 718.0,