{"name": "LY Thomas", "summary": {"matches": 12, "wins": 6, "losses": 6, "perfs": 3, "contres": 3, "win_rate": 0.5, "diff_sets_total": -4, "dominance": -0.3333333333333333, "clutch_played": 5, "clutch_wins": 4, "clutch_rate": 0.8, "clutch_index": 0.30000000000000004, "opp_pts_mean": 1014.3125, "pointres_total": 0.5, "pointres_mean": 0.041666666666666664, "std_points_fftt": 6.50146885113066, "dispersion_perf_contre": 0.7071067811865476, "expected_wins": 6.231065959800616, "overperf": -0.23106595980061595}, "segments": {"equipe": {"p1_s2": {"phase": 1, "segment_id": 2, "segment_nom": "Octobre", "matches": 6, "wins": 3, "losses": 3, "perfs": 2, "contres": 0, "win_rate": 0.5, "diff_sets": -2, "pointres_total": 14.0, "pointres_mean": 2.3333333333333335, "opp_pts_mean": 1114.1666666666667, "expected_wins": 1.9989690782712304, "overperf": 1.0010309217287696}, "p1_s4": {"phase": 1, "segment_id": 4, "segment_nom": "1 Déc -> 15 Jan", "matches": 3, "wins": 2, "losses": 1, "perfs": 1, "contres": 1, "win_rate": 0.6666666666666666, "diff_sets": 1, "pointres_total": 5.0, "pointres_mean": 1.6666666666666667, "opp_pts_mean": 1010.9166666666666, "expected_wins": 1.691962250155035, "overperf": 0.3080377498449649}, "p2_s8": {"phase": 2, "segment_id": 8, "segment_nom": "Avril", "matches": 3, "wins": 1, "losses": 2, "perfs": 0, "contres": 2, "win_rate": 0.3333333333333333, "diff_sets": -3, "pointres_total": -18.5, "pointres_mean": -6.166666666666667, "opp_pts_mean": 818.0, "expected_wins": 2.5401346313743502, "overperf": -1.5401346313743502}}, "tous": {"p1_s2": {"phase": 1, "segment_id": 2, "segment_nom": "Octobre", "matches": 6, "wins": 3, "losses": 3, "perfs": 2, "contres": 0, "win_rate": 0.5, "diff_sets": -2, "pointres_total": 14.0, "pointres_mean": 2.3333333333333335, "opp_pts_mean": 1114.1666666666667, "expected_wins": 1.9989690782712304, "overperf": 1.0010309217287696}, "p1_s4": {"phase": 1, "segment_id": 4, "segment_nom": "1 Déc -> 15 Jan", "matches": 3, "wins": 2, "losses": 1, "perfs": 1, "contres": 1, "win_rate": 0.6666666666666666, "diff_sets": 1, "pointres_total": 5.0, "pointres_mean": 1.6666666666666667, "opp_pts_mean": 1010.9166666666666, "expected_wins": 1.691962250155035, "overperf": 0.3080377498449649}, "p2_s8": {"phase": 2, "segment_id": 8, "segment_nom": "Avril", "matches": 3, "wins": 1, "losses": 2, "perfs": 0, "contres": 2, "win_rate": 0.3333333333333333, "diff_sets": -3, "pointres_total": -18.5, "pointres_mean": -6.166666666666667, "opp_pts_mean": 818.0, "expected_wins": 2.5401346313743502, "overperf": -1.5401346313743502}}}, "timeline": {"equipe": [{"date": "03/10/2025", "match_id": 10698344.0, "phase": 1, "segment_id": 2, "segment_nom": "Octobre", "opp_name": "OZGUL Alican", "diff_pts": 198.0, "pts_start": 1027.0, "opp_pts_start": 829.0, "win": true, "pointres": 3.0, "pointres_cum": 3.0, "points_est": 1030.0, "expected_p": 0.8581489350995123, "expected_cum": 0.8581489350995123, "real_cum": 1, "overperf_cum": 0.1418510649004877, "perfs_cum": 0, "contres_cum": 0, "perf": 0, "contre": 0, "sets_for": 3, "sets_against": 2, "close_match": true}, {"date": "03/10/2025", "match_id": 10698348.0, "phase": 1, "segment_id": 2, "segment_nom": "Octobre", "opp_name": "RAULIN-FELI Patrick", "diff_pts": -41.0, "pts_start": 1027.0, "opp_pts_start": 1068.0, "win": true, "pointres": 7.0, "pointres_cum": 10.0, "points_est": 1037.0, "expected_p": 0.4078821810709049, "expected_cum": 1.2660311161704172, "real_cum": 2, "overperf_cum": 0.7339688838295828, "perfs_cum": 1, "contres_cum": 0, "perf": 1, "contre": 0, "sets_for": 3, "sets_against": 2, "close_match": true}, {"date": "03/10/2025", "match_id": 10698352.0, "phase": 1, "segment_id": 2, "segment_nom": "Octobre", "opp_name": "BESNARD Jerome", "diff_pts": -142.0, "pts_start": 1027.0, "opp_pts_start": 1169.0, "win": false, "pointres": -3.0, "pointres_cum": 7.0, "points_est": 1034.0, "expected_p": 0.21569897750258452, "expected_cum": 1.4817300936730018, "real_cum": 2, "overperf_cum": 0.5182699063269983, "perfs_cum": 1, "contres_cum": 0, "perf": 0, "contre": 0, "sets_for": 1, "sets_against": 3, "close_match": false}, {"date": "10/10/2025", "match_id": 10745437.0, "phase": 1, "segment_id": 2, "segment_nom": "Octobre", "opp_name": "OUDELET Fabien", "diff_pts": -188.0, "pts_start": 1027.0, "opp_pts_start": 1215.0, "win": false, "pointres": -2.0, "pointres_cum": 5.0, "points_est": 1032.0, "expected_p": 0.15328166621281117, "expected_cum": 1.635011759885813, "real_cum": 2, "overperf_cum": 0.3649882401141872, "perfs_cum": 1, "contres_cum": 0, "perf": 0, "contre": 0, "sets_for": 2, "sets_against": 3, "close_match": true}, {"date": "10/10/2025", "match_id": 10745441.0, "phase": 1, "segment_id": 2, "segment_nom": "Octobre", "opp_name": "DUBRAY Sylvain", "diff_pts": -117.0, "pts_start": 1027.0, "opp_pts_start": 1144.0, "win": true, "pointres": 10.0, "pointres_cum": 15.0, "points_est": 1042.0, "expected_p": 0.2566151543747585, "expected_cum": 1.8916269142605715, "real_cum": 3, "overperf_cum": 1.1083730857394287, "perfs_cum": 2, "contres_cum": 0, "perf": 1, "contre": 0, "sets_for": 3, "sets_against": 1, "close_match": false}, {"date": "10/10/2025", "match_id": 10745447.0, "phase": 1, "segment_id": 2, "segment_nom": "Octobre", "opp_name": "GIROLAMI Daniel", "diff_pts": -233.0, "pts_start": 1027.0, "opp_pts_start": 1260.0, "win": false, "pointres": -1.0, "pointres_cum": 14.0, "points_est": 1041.0, "expected_p": 0.10734216401065894, "expected_cum": 1.9989690782712304, "real_cum": 3, "overperf_cum": 1.0010309217287698, "perfs_cum": 2, "contres_cum": 0, "perf": 0, "contre": 0, "sets_for": 0, "sets_against": 3, "close_match": false}, {"date": "09/01/2026", "match_id": 11676533.0, "phase": 1, "segment_id": 4, "segment_nom": "1 Déc -> 15 Jan", "opp_name": "HUGUET Nicolas", "diff_pts": 59.75, "pts_start": 1041.0, "opp_pts_start": 981.25, "win": false, "pointres": -7.0, "pointres_cum": 7.0, "points_est": 1034.0, "expected_p": 0.6325522788144401, "expected_cum": 2.6315213570856706, "real_cum": 3, "overperf_cum": 0.36847864291432975, "perfs_cum": 2, "contres_cum": 1, "perf": 0, "contre": 1, "sets_for": 0, "sets_against": 3, "close_match": false}, {"date": "09/01/2026", "match_id": 11676537.0, "phase": 1, "segment_id": 4, "segment_nom": "1 Déc -> 15 Jan", "opp_name": "BLANCHE Charlie", "diff_pts": 102.5, "pts_start": 1041.0, "opp_pts_start": 938.5, "win": true, "pointres": 4.0, "pointres_cum": 11.0, "points_est": 1038.0, "expected_p": 0.7174440095360342, "expected_cum": 3.3489653666217047, "real_cum": 4, "overperf_cum": 0.6510346333782956, "perfs_cum": 2, "contres_cum": 1, "perf": 0, "contre": 0, "sets_for": 3, "sets_against": 2, "close_match": true}, {"date": "09/01/2026", "match_id": 11676543.0, "phase": 1, "segment_id": 4, "segment_nom": "1 Déc -> 15 Jan", "opp_name": "TANDY Jonathan", "diff_pts": -72.0, "pts_start": 1041.0, "opp_pts_start": 1113.0, "win": true, "pointres": 8.0, "pointres_cum": 19.0, "points_est": 1046.0, "expected_p": 0.34196596180456074, "expected_cum": 3.6909313284262657, "real_cum": 5, "overperf_cum": 1.3090686715737347, "perfs_cum": 3, "contres_cum": 1, "perf": 1, "contre": 0, "sets_for": 3, "sets_against": 0, "close_match": false}, {"date": "10/04/2026", "match_id": null, "phase": 2, "segment_id": 8, "segment_nom": "Avril", "opp_name": "BOUCHLIS Jean-Paul", "diff_pts": 95.0, "pts_start": 1041.0, "opp_pts_start": 946.0, "win": false, "pointres": -7.0, "pointres_cum": 12.0, "points_est": 1039.0, "expected_p": 0.7034198346107552, "expected_cum": 4.394351163037021, "real_cum": 5, "overperf_cum": 0.6056488369629796, "perfs_cum": 3, "contres_cum": 2, "perf": 0, "contre": 1, "sets_for": 1, "sets_against": 3, "close_match": false}, {"date": "10/04/2026", "match_id": null, "phase": 2, "segment_id": 8, "segment_nom": "Avril", "opp_name": "LE BERT Pascal", "diff_pts": 211.5, "pts_start": 1041.0, "opp_pts_start": 829.5, "win": false, "pointres": -12.5, "pointres_cum": -0.5, "points_est": 1026.5, "expected_p": 0.8724422514668815,