{"name": "MOTTE Oscar", "summary": {"matches": 11, "wins": 2, "losses": 9, "perfs": 1, "contres": 1, "win_rate": 0.18181818181818182, "diff_sets_total": -12, "dominance": -1.0909090909090908, "clutch_played": 3, "clutch_wins": 1, "clutch_rate": 0.3333333333333333, "clutch_index": 0.1515151515151515, "opp_pts_mean": 581.6363636363636, "pointres_total": -9.0, "pointres_mean": -0.8181818181818182, "std_points_fftt": 1.933822489652968, "dispersion_perf_contre": 0.4264014327112209, "expected_wins": 3.8440202854162875, "overperf": -1.8440202854162875}, "segments": {"equipe": {"p1_s4": {"phase": 1, "segment_id": 4, "segment_nom": "1 Déc -> 15 Jan", "matches": 3, "wins": 0, "losses": 3, "perfs": 0, "contres": 0, "win_rate": 0.0, "diff_sets": -8, "pointres_total": -5.5, "pointres_mean": -1.8333333333333333, "opp_pts_mean": 592.8333333333334, "expected_wins": 0.94949613044179, "overperf": -0.94949613044179}, "p2_s6": {"phase": 2, "segment_id": 6, "segment_nom": "Février", "matches": 3, "wins": 1, "losses": 2, "perfs": 1, "contres": 0, "win_rate": 0.3333333333333333, "diff_sets": -5, "pointres_total": 1.0, "pointres_mean": 0.3333333333333333, "opp_pts_mean": 624.1666666666666, "expected_wins": 0.848886208313886, "overperf": 0.15111379168611405}, "p2_s7": {"phase": 2, "segment_id": 7, "segment_nom": "Mars", "matches": 3, "wins": 1, "losses": 2, "perfs": 0, "contres": 1, "win_rate": 0.3333333333333333, "diff_sets": 1, "pointres_total": -2.0, "pointres_mean": -0.6666666666666666, "opp_pts_mean": 497.3333333333333, "expected_wins": 1.5249893201027636, "overperf": -0.5249893201027636}}, "indiv": {"p1_s3": {"phase": 1, "segment_id": 3, "segment_nom": "Novembre", "matches": 2, "wins": 0, "losses": 2, "perfs": 0, "contres": 0, "win_rate": 0.0, "diff_sets": 0, "pointres_total": -2.5, "pointres_mean": -1.25, "opp_pts_mean": 627.5, "expected_wins": 0.5206486265578482, "overperf": -0.5206486265578482}}, "tous": {"p1_s3": {"phase": 1, "segment_id": 3, "segment_nom": "Novembre", "matches": 2, "wins": 0, "losses": 2, "perfs": 0, "contres": 0, "win_rate": 0.0, "diff_sets": 0, "pointres_total": -2.5, "pointres_mean": -1.25, "opp_pts_mean": 627.5, "expected_wins": 0.5206486265578482, "overperf": -0.5206486265578482}, "p1_s4": {"phase": 1, "segment_id": 4, "segment_nom": "1 Déc -> 15 Jan", "matches": 3, "wins": 0, "losses": 3, "perfs": 0, "contres": 0, "win_rate": 0.0, "diff_sets": -8, "pointres_total": -5.5, "pointres_mean": -1.8333333333333333, "opp_pts_mean": 592.8333333333334, "expected_wins": 0.94949613044179, "overperf": -0.94949613044179}, "p2_s6": {"phase": 2, "segment_id": 6, "segment_nom": "Février", "matches": 3, "wins": 1, "losses": 2, "perfs": 1, "contres": 0, "win_rate": 0.3333333333333333, "diff_sets": -5, "pointres_total": 1.0, "pointres_mean": 0.3333333333333333, "opp_pts_mean": 624.1666666666666, "expected_wins": 0.848886208313886, "overperf": 0.15111379168611405}, "p2_s7": {"phase": 2, "segment_id": 7, "segment_nom": "Mars", "matches": 3, "wins": 1, "losses": 2, "perfs": 0, "contres": 1, "win_rate": 0.3333333333333333, "diff_sets": 1, "pointres_total": -2.0, "pointres_mean": -0.6666666666666666, "opp_pts_mean": 497.3333333333333, "expected_wins": 1.5249893201027636, "overperf": -0.5249893201027636}}}, "timeline": {"equipe": [{"date": "10/01/2026", "match_id": 11692964.0, "phase": 1, "segment_id": 4, "segment_nom": "1 Déc -> 15 Jan", "opp_name": "FEUILLE Tiago", "diff_pts": -199.75, "pts_start": 497.5, "opp_pts_start": 697.25, "win": false, "pointres": -1.0, "pointres_cum": -1.0, "points_est": 496.5, "expected_p": 0.13992547405086783, "expected_cum": 0.13992547405086783, "real_cum": 0, "overperf_cum": -0.13992547405086783, "perfs_cum": 0, "contres_cum": 0, "perf": 0, "contre": 0, "sets_for": 0, "sets_against": 3, "close_match": false}, {"date": "10/01/2026", "match_id": 11692966.0, "phase": 1, "segment_id": 4, "segment_nom": "1 Déc -> 15 Jan", "opp_name": "LUGO Lorik", "diff_pts": -14.5, "pts_start": 497.5, "opp_pts_start": 512.0, "win": false, "pointres": -2.5, "pointres_cum": -3.5, "points_est": 494.0, "expected_p": 0.46709309004816146, "expected_cum": 0.6070185640990293, "real_cum": 0, "overperf_cum": -0.6070185640990293, "perfs_cum": 0, "contres_cum": 0, "perf": 0, "contre": 0, "sets_for": 0, "sets_against": 3, "close_match": false}, {"date": "10/01/2026", "match_id": 11692970.0, "phase": 1, "segment_id": 4, "segment_nom": "1 Déc -> 15 Jan", "opp_name": "POU Tao", "diff_pts": -71.75, "pts_start": 497.5, "opp_pts_start": 569.25, "win": false, "pointres": -2.0, "pointres_cum": -5.5, "points_est": 492.0, "expected_p": 0.3424775663427607, "expected_cum": 0.94949613044179, "real_cum": 0, "overperf_cum": -0.94949613044179, "perfs_cum": 0, "contres_cum": 0, "perf": 0, "contre": 0, "sets_for": 1, "sets_against": 3, "close_match": false}, {"date": "14/02/2026", "match_id": 12176308.0, "phase": 2, "segment_id": 6, "segment_nom": "Février", "opp_name": "BOUCHARD Mathieu", "diff_pts": -260.0, "pts_start": 500.0, "opp_pts_start": 760.0, "win": false, "pointres": -0.5, "pointres_cum": -6.0, "points_est": 491.5, "expected_p": 0.08598796739923159, "expected_cum": 1.0354840978410216, "real_cum": 0, "overperf_cum": -1.0354840978410216, "perfs_cum": 0, "contres_cum": 0, "perf": 0, "contre": 0, "sets_for": 0, "sets_against": 3, "close_match": false}, {"date": "14/02/2026", "match_id": 12176311.0, "phase": 2, "segment_id": 6, "segment_nom": "Février", "opp_name": "PINGUET Tristan", "diff_pts": -3.25, "pts_start": 500.0, "opp_pts_start": 503.25, "win": true, "pointres": 3.0, "pointres_cum": -3.0, "points_est": 494.5, "expected_p": 0.4926141736339946, "expected_cum": 1.5280982714750162, "real_cum": 1, "overperf_cum": -0.5280982714750162, "perfs_cum": 1, "contres_cum": 0, "perf": 1, "contre": 0, "sets_for": 3, "sets_against": 2, "close_match": true}, {"date": "14/02/2026", "match_id": 12176316.0, "phase": 2, "segment_id": 6, "segment_nom": "Février", "opp_name": "RAGUIS Mattéo", "diff_pts": -109.25, "pts_start": 500.0, "opp_pts_start": 609.25, "win": false, "pointres": -1.5, "pointres_cum": -4.5, "points_est": 493.0, "expected_p": 0.2702840672806597, "expected_cum": 1.7983823387556759, "real_cum": 1, "overperf_cum": -0.7983823387556759, "perfs_cum": 1, "contres_cum": 0, "perf": 0, "contre": 0, "sets_for": 0, "sets_against": 3, "close_match": false}, {"date": "21/03/2026", "match_id": 12537949.0, "phase": 2, "segment_id": 7, "segment_nom": "Mars", "opp_name": "GROZ Lucas", "diff_pts": -3.0, "pts_start": 501.0, "opp_pts_start": 504.0, "win": false, "pointres": -2.5, "pointres_cum": -7.0, "points_est": 490.5, "expected_p": 0.493182240764962, "expected_cum": 2.291564579520638, "real_cum": 1, "overperf_cum": -1.2915645795206379, "perfs_cum": 1, "contres_cum": 0, "perf": 0, "contre": 0, "sets_for": 2, "sets_against": 3, "close_match": true}, {"date": "21/03/2026", "match_id": 12537951.0, "phase": 2, "segment_id": 7, "segment_nom": "Mars", "opp_name": "ROUAULT Quentin", "diff_pts": 7.75, "pts_start": 501.0, "opp_pts_start": 493.25, "win": true, "pointres": 3.0, "pointres_cum": -4.0, "points_est": 493.5, "expected_p": 0.5176063540346878, "expected_cum": 2.8091709335553254, "real_cum": 2, "overperf_cum": -0.8091709335553257, "perfs_cum": 1, "contres_cum": 0, "perf": 0, "contre": 0, "sets_for": 3, "sets_against": 0, "close_match": false}, {"date": "21/03/2026", "match_id": 12537955.0, "phase": 2, "segment_id": 7, "segment_nom": "Mars", "opp_name": "AUDUREAU Côme", "diff_pts": 6.25, "pts_start": 501.0, "opp_pts_start": 494.75, "win": false, "pointres": -2.5, "pointres_cum": -6.5, "points_est": 491.0, "expected_p": 0.5142007253031137, "expected_cum": 3.323371658858439, "real_cum": 2, "overperf_cum": -1.3233716588584392, "perfs_cum": 1, "contres_cum": 1, "perf": 0, "contre": 1, "sets_for": 2, "sets_against": 3, "close_match": true}], "indiv": [{"date": "29/11/2025", "match_id": 11467411.0, "phase": 1, "segment_id": 3, "segment_nom": "Novembre", "opp_name": "BISSOR Clara", "diff_pts": -51.75,