{"name": "GEOFFROY Julian", "summary": {"matches": 12, "wins": 7, "losses": 5, "perfs": 1, "contres": 3, "perfs_possible": 3, "contres_possible": 8, "win_rate": 0.5833333333333334, "diff_sets_total": 8, "dominance": 0.6666666666666666, "clutch_played": 1, "clutch_wins": 0, "clutch_rate": 0.0, "clutch_index": -0.5833333333333334, "opp_pts_mean": 511.3541666666667, "pointres_total": 9.0, "pointres_mean": 0.75, "std_points_fftt": 2.5840052889522753, "dispersion_perf_contre": 0.5527707983925666, "expected_wins": 5.826941459745721, "overperf": 1.1730585402542788}, "segments": {"equipe": {"p1_s3": {"phase": 1, "segment_id": 3, "segment_nom": "Novembre", "matches": 3, "wins": 3, "losses": 0, "perfs": 1, "contres": 0, "win_rate": 1.0, "diff_sets": 8, "pointres_total": 8.75, "pointres_mean": 2.9166666666666665, "opp_pts_mean": 489.8333333333333, "expected_wins": 1.5685076107587255, "overperf": 1.4314923892412745}, "p1_s4": {"phase": 1, "segment_id": 4, "segment_nom": "1 Déc -> 15 Jan", "matches": 3, "wins": 1, "losses": 2, "perfs": 0, "contres": 2, "win_rate": 0.3333333333333333, "diff_sets": 0, "pointres_total": -2.0, "pointres_mean": -0.6666666666666666, "opp_pts_mean": 501.6666666666667, "expected_wins": 1.548273670724454, "overperf": -0.548273670724454}, "p2_s6": {"phase": 2, "segment_id": 6, "segment_nom": "Février", "matches": 3, "wins": 3, "losses": 0, "perfs": 0, "contres": 0, "win_rate": 1.0, "diff_sets": 9, "pointres_total": 8.75, "pointres_mean": 2.9166666666666665, "opp_pts_mean": 488.3333333333333, "expected_wins": 1.579280578075911, "overperf": 1.420719421924089}, "p2_s7": {"phase": 2, "segment_id": 7, "segment_nom": "Mars", "matches": 3, "wins": 0, "losses": 3, "perfs": 0, "contres": 1, "win_rate": 0.0, "diff_sets": -9, "pointres_total": -6.5, "pointres_mean": -2.1666666666666665, "opp_pts_mean": 565.5833333333334, "expected_wins": 1.1308796001866306, "overperf": -1.1308796001866306}}, "tous": {"p1_s3": {"phase": 1, "segment_id": 3, "segment_nom": "Novembre", "matches": 3, "wins": 3, "losses": 0, "perfs": 1, "contres": 0, "win_rate": 1.0, "diff_sets": 8, "pointres_total": 8.75, "pointres_mean": 2.9166666666666665, "opp_pts_mean": 489.8333333333333, "expected_wins": 1.5685076107587255, "overperf": 1.4314923892412745}, "p1_s4": {"phase": 1, "segment_id": 4, "segment_nom": "1 Déc -> 15 Jan", "matches": 3, "wins": 1, "losses": 2, "perfs": 0, "contres": 2, "win_rate": 0.3333333333333333, "diff_sets": 0, "pointres_total": -2.0, "pointres_mean": -0.6666666666666666, "opp_pts_mean": 501.6666666666667, "expected_wins": 1.548273670724454, "overperf": -0.548273670724454}, "p2_s6": {"phase": 2, "segment_id": 6, "segment_nom": "Février", "matches": 3, "wins": 3, "losses": 0, "perfs": 0, "contres": 0, "win_rate": 1.0, "diff_sets": 9, "pointres_total": 8.75, "pointres_mean": 2.9166666666666665, "opp_pts_mean": 488.3333333333333, "expected_wins": 1.579280578075911, "overperf": 1.420719421924089}, "p2_s7": {"phase": 2, "segment_id": 7, "segment_nom": "Mars", "matches": 3, "wins": 0, "losses": 3, "perfs": 0, "contres": 1, "win_rate": 0.0, "diff_sets": -9, "pointres_total": -6.5, "pointres_mean": -2.1666666666666665, "opp_pts_mean": 565.5833333333334, "expected_wins": 1.1308796001866306, "overperf": -1.1308796001866306}}}, "timeline": {"equipe": [{"date": "29/11/2025", "match_id": 11385709.0, "phase": 1, "segment_id": 3, "segment_nom": "Novembre", "opp_name": "BOURDONNEAU Ruben", "diff_pts": 37.5, "pts_start": 500.0, "opp_pts_start": 462.5, "win": true, "pointres": 2.75, "pointres_cum": 2.75, "points_est": 502.75, "expected_p": 0.5844113350707079, "expected_cum": 0.5844113350707079, "real_cum": 1, "overperf_cum": 0.41558866492929214, "perfs_cum": 0, "contres_cum": 0, "perf": 0, "contre": 0, "sets_for": 3, "sets_against": 0, "close_match": false}, {"date": "29/11/2025", "match_id": 11385712.0, "phase": 1, "segment_id": 3, "segment_nom": "Novembre", "opp_name": "BELLEMIN Néo", "diff_pts": -7.0, "pts_start": 500.0, "opp_pts_start": 507.0, "win": true, "pointres": 3.0, "pointres_cum": 5.75, "points_est": 505.75, "expected_p": 0.48409627568801766, "expected_cum": 1.0685076107587255, "real_cum": 2, "overperf_cum": 0.9314923892412745, "perfs_cum": 1, "contres_cum": 0, "perf": 1, "contre": 0, "sets_for": 3, "sets_against": 1, "close_match": false}, {"date": "29/11/2025", "match_id": 11385714.0, "phase": 1, "segment_id": 3, "segment_nom": "Novembre", "opp_name": "BEDIER LEGUILLON Dylan", "diff_pts": 0.0, "pts_start": 500.0, "opp_pts_start": 500.0, "win": true, "pointres": 3.0, "pointres_cum": 8.75, "points_est": 508.75, "expected_p": 0.5, "expected_cum": 1.5685076107587255, "real_cum": 3, "overperf_cum": 1.4314923892412745, "perfs_cum": 1, "contres_cum": 0, "perf": 0, "contre": 0, "sets_for": 3, "sets_against": 0, "close_match": false}, {"date": "10/01/2026", "match_id": 11692935.0, "phase": 1, "segment_id": 4, "segment_nom": "1 Déc -> 15 Jan", "opp_name": "ARTUS Samuel", "diff_pts": 8.75, "pts_start": 508.75, "opp_pts_start": 500.0, "win": true, "pointres": 3.0, "pointres_cum": 11.75, "points_est": 511.75, "expected_p": 0.5198758843874507, "expected_cum": 2.088383495146176, "real_cum": 4, "overperf_cum": 1.9116165048538238, "perfs_cum": 1, "contres_cum": 0, "perf": 0, "contre": 0, "sets_for": 3, "sets_against": 0, "close_match": false}, {"date": "10/01/2026", "match_id": 11692939.0, "phase": 1, "segment_id": 4, "segment_nom": "1 Déc -> 15 Jan", "opp_name": "GALLON Victor", "diff_pts": 3.75, "pts_start": 508.75, "opp_pts_start": 505.0, "win": false, "pointres": -2.5, "pointres_cum": 9.25, "points_est": 509.25, "expected_p": 0.5085219019495526, "expected_cum": 2.5969053970957283, "real_cum": 4, "overperf_cum": 1.4030946029042712, "perfs_cum": 1, "contres_cum": 1, "perf": 0, "contre": 1, "sets_for": 2, "sets_against": 3, "close_match": true}, {"date": "10/01/2026", "match_id": 11692941.0, "phase": 1, "segment_id": 4, "segment_nom": "1 Déc -> 15 Jan", "opp_name": "CHHOEUN Elyam", "diff_pts": 8.75, "pts_start": 508.75, "opp_pts_start": 500.0, "win": false, "pointres": -2.5, "pointres_cum": 6.75, "points_est": 506.75, "expected_p": 0.5198758843874507, "expected_cum": 3.116781281483179, "real_cum": 4, "overperf_cum": 0.8832187185168205, "perfs_cum": 1, "contres_cum": 2, "perf": 0, "contre": 1, "sets_for": 1, "sets_against": 3, "close_match": false}, {"date": "14/02/2026", "match_id": 12178560.0, "phase": 2, "segment_id": 6, "segment_nom": "Février", "opp_name": "MHAMDI Noursine", "diff_pts": 25.5, "pts_start": 500.0, "opp_pts_start": 474.5, "win": true, "pointres": 2.75, "pointres_cum": 9.5, "points_est": 509.5, "expected_p": 0.5576963944844412, "expected_cum": 3.67447767596762, "real_cum": 5, "overperf_cum": 1.3255223240323795, "perfs_cum": 1, "contres_cum": 2, "perf": 0, "contre": 0, "sets_for": 3, "sets_against": 0, "close_match": false}, {"date": "14/02/2026", "match_id": 12178564.0, "phase": 2, "segment_id": 6, "segment_nom": "Février", "opp_name": "ZRAOUCH Anouar", "diff_pts": 2.0, "pts_start": 500.0, "opp_pts_start": 498.0, "win": true, "pointres": 3.0, "pointres_cum": 12.5, "points_est": 512.5, "expected_p": 0.5045453293304604, "expected_cum": 4.17902300529808, "real_cum": 6, "overperf_cum": 1.820976994701919, "perfs_cum": 1, "contres_cum": 2, "perf": 0, "contre": 0, "sets_for": 3, "sets_against": 0, "close_match": false}, {"date": "14/02/2026", "match_id": 12178566.0, "phase": 2, "segment_id": 6, "segment_nom": "Février", "opp_name": "SANDITOV Ardan", "diff_pts": 7.5, "pts_start": 500.0, "opp_pts_start": 492.5, "win": true, "pointres": 3.0, "pointres_cum": 15.5, "points_est": 515.5, "expected_p": 0.5170388542610094, "expected_cum": 4.696061859559089, "real_cum": 7, "overperf_cum": 2.3039381404409096, "perfs_cum": 1, "contres_cum": 2, "perf": 0, "contre": 0, "sets_for": 3, "sets_against": 0, "close_match": false}, {"date": "21/03/2026", "match_id": 12538174.0, "phase": 2, "segment_id": 7, "segment_nom": "Mars", "opp_name": "BERTRAND Axel", "diff_pts": 0.25,