{"name": "BOURGEREAU Romain", "summary": {"matches": 15, "wins": 1, "losses": 14, "perfs": 0, "contres": 0, "perfs_possible": 14, "contres_possible": 1, "win_rate": 0.06666666666666667, "diff_sets_total": -36, "dominance": -2.4, "clutch_played": 1, "clutch_wins": 0, "clutch_rate": 0.0, "clutch_index": -0.06666666666666667, "opp_pts_mean": 1424.492, "pointres_total": -7.0, "pointres_mean": -0.4666666666666667, "std_points_fftt": 1.4884742374510733, "dispersion_perf_contre": 0.0, "expected_wins": 1.7075006674746964, "overperf": -0.7075006674746964}, "segments": {"equipe": {"p1_s3": {"phase": 1, "segment_id": 3, "segment_nom": "Novembre", "matches": 6, "wins": 1, "losses": 5, "perfs": 0, "contres": 0, "win_rate": 0.16666666666666666, "diff_sets": -10, "pointres_total": -4.0, "pointres_mean": -0.6666666666666666, "opp_pts_mean": 1326.3533333333332, "expected_wins": 1.4330515863174353, "overperf": -0.43305158631743534}, "p1_s4": {"phase": 1, "segment_id": 4, "segment_nom": "1 Déc -> 15 Jan", "matches": 3, "wins": 0, "losses": 3, "perfs": 0, "contres": 0, "win_rate": 0.0, "diff_sets": -9, "pointres_total": -2.5, "pointres_mean": -0.8333333333333334, "opp_pts_mean": 1370.79, "expected_wins": 0.17531156694321212, "overperf": -0.17531156694321212}, "p2_s6": {"phase": 2, "segment_id": 6, "segment_nom": "Février", "matches": 6, "wins": 0, "losses": 6, "perfs": 0, "contres": 0, "win_rate": 0.0, "diff_sets": -17, "pointres_total": -0.5, "pointres_mean": -0.08333333333333333, "opp_pts_mean": 1549.4816666666666, "expected_wins": 0.09913751421404887, "overperf": -0.09913751421404887}}, "tous": {"p1_s3": {"phase": 1, "segment_id": 3, "segment_nom": "Novembre", "matches": 6, "wins": 1, "losses": 5, "perfs": 0, "contres": 0, "win_rate": 0.16666666666666666, "diff_sets": -10, "pointres_total": -4.0, "pointres_mean": -0.6666666666666666, "opp_pts_mean": 1326.3533333333332, "expected_wins": 1.4330515863174353, "overperf": -0.43305158631743534}, "p1_s4": {"phase": 1, "segment_id": 4, "segment_nom": "1 Déc -> 15 Jan", "matches": 3, "wins": 0, "losses": 3, "perfs": 0, "contres": 0, "win_rate": 0.0, "diff_sets": -9, "pointres_total": -2.5, "pointres_mean": -0.8333333333333334, "opp_pts_mean": 1370.79, "expected_wins": 0.17531156694321212, "overperf": -0.17531156694321212}, "p2_s6": {"phase": 2, "segment_id": 6, "segment_nom": "Février", "matches": 6, "wins": 0, "losses": 6, "perfs": 0, "contres": 0, "win_rate": 0.0, "diff_sets": -17, "pointres_total": -0.5, "pointres_mean": -0.08333333333333333, "opp_pts_mean": 1549.4816666666666, "expected_wins": 0.09913751421404887, "overperf": -0.09913751421404887}}}, "timeline": {"equipe": [{"date": "15/11/2025", "match_id": 11106558.0, "phase": 1, "segment_id": 3, "segment_nom": "Novembre", "opp_name": "CHOMIENNE Nans", "diff_pts": -583.5, "pts_start": 1068.0, "opp_pts_start": 1651.5, "win": false, "pointres": 0.0, "pointres_cum": 0.0, "points_est": 1068.0, "expected_p": 0.004944387884224329, "expected_cum": 0.004944387884224329, "real_cum": 0, "overperf_cum": -0.004944387884224329, "perfs_cum": 0, "contres_cum": 0, "perf": 0, "contre": 0, "sets_for": 0, "sets_against": 3, "close_match": false}, {"date": "15/11/2025", "match_id": 11106561.0, "phase": 1, "segment_id": 3, "segment_nom": "Novembre", "opp_name": "BRATINA David", "diff_pts": -119.36999999999989, "pts_start": 1068.0, "opp_pts_start": 1187.37, "win": false, "pointres": -3.0, "pointres_cum": -3.0, "points_est": 1065.0, "expected_p": 0.25252665879100017, "expected_cum": 0.2574710466752245, "real_cum": 0, "overperf_cum": -0.2574710466752245, "perfs_cum": 0, "contres_cum": 0, "perf": 0, "contre": 0, "sets_for": 2, "sets_against": 3, "close_match": true}, {"date": "15/11/2025", "match_id": 11106569.0, "phase": 1, "segment_id": 3, "segment_nom": "Novembre", "opp_name": "FERREIRA DOS SANTOS Tomas", "diff_pts": -74.75, "pts_start": 1068.0, "opp_pts_start": 1142.75, "win": false, "pointres": -4.0, "pointres_cum": -7.0, "points_est": 1061.0, "expected_p": 0.3363627599809334, "expected_cum": 0.5938338066561579, "real_cum": 0, "overperf_cum": -0.5938338066561579, "perfs_cum": 0, "contres_cum": 0, "perf": 0, "contre": 0, "sets_for": 0, "sets_against": 3, "close_match": false}, {"date": "29/11/2025", "match_id": 11341516.0, "phase": 1, "segment_id": 3, "segment_nom": "Novembre", "opp_name": "DERBANE Paul", "diff_pts": 160.0, "pts_start": 1068.0, "opp_pts_start": 908.0, "win": true, "pointres": 3.0, "pointres_cum": -4.0, "points_est": 1064.0, "expected_p": 0.8106969983141019, "expected_cum": 1.4045308049702598, "real_cum": 1, "overperf_cum": -0.40453080497025984, "perfs_cum": 0, "contres_cum": 0, "perf": 0, "contre": 0, "sets_for": 3, "sets_against": 0, "close_match": false}, {"date": "29/11/2025", "match_id": 11341520.0, "phase": 1, "segment_id": 3, "segment_nom": "Novembre", "opp_name": "MAILLARD Jocelyn", "diff_pts": -474.5, "pts_start": 1068.0, "opp_pts_start": 1542.5, "win": false, "pointres": 0.0, "pointres_cum": -4.0, "points_est": 1064.0, "expected_p": 0.013208002702579377, "expected_cum": 1.4177388076728392, "real_cum": 1, "overperf_cum": -0.4177388076728392, "perfs_cum": 0, "contres_cum": 0, "perf": 0, "contre": 0, "sets_for": 0, "sets_against": 3, "close_match": false}, {"date": "29/11/2025", "match_id": 11341528.0, "phase": 1, "segment_id": 3, "segment_nom": "Novembre", "opp_name": "GUERY Martin", "diff_pts": -458.0, "pts_start": 1068.0, "opp_pts_start": 1526.0, "win": false, "pointres": 0.0, "pointres_cum": -4.0, "points_est": 1064.0, "expected_p": 0.015312778644596193, "expected_cum": 1.4330515863174353, "real_cum": 1, "overperf_cum": -0.4330515863174354, "perfs_cum": 0, "contres_cum": 0, "perf": 0, "contre": 0, "sets_for": 0, "sets_against": 3, "close_match": false}, {"date": "10/01/2026", "match_id": 11703671.0, "phase": 1, "segment_id": 4, "segment_nom": "1 Déc -> 15 Jan", "opp_name": "DUZES Christophe", "diff_pts": -292.25, "pts_start": 1064.0, "opp_pts_start": 1356.25, "win": false, "pointres": -1.0, "pointres_cum": -5.0, "points_est": 1063.0, "expected_p": 0.0655700160301761, "expected_cum": 1.4986216023476115, "real_cum": 1, "overperf_cum": -0.4986216023476115, "perfs_cum": 0, "contres_cum": 0, "perf": 0, "contre": 0, "sets_for": 0, "sets_against": 3, "close_match": false}, {"date": "10/01/2026", "match_id": 11703674.0, "phase": 1, "segment_id": 4, "segment_nom": "1 Déc -> 15 Jan", "opp_name": "TINGAUD Etienne", "diff_pts": -298.6199999999999, "pts_start": 1064.0, "opp_pts_start": 1362.62, "win": false, "pointres": -1.0, "pointres_cum": -6.0, "points_est": 1062.0, "expected_p": 0.06210990633274133, "expected_cum": 1.5607315086803528, "real_cum": 1, "overperf_cum": -0.5607315086803528, "perfs_cum": 0, "contres_cum": 0, "perf": 0, "contre": 0, "sets_for": 0, "sets_against": 3, "close_match": false}, {"date": "10/01/2026", "match_id": 11703682.0, "phase": 1, "segment_id": 4, "segment_nom": "1 Déc -> 15 Jan", "opp_name": "VELT Antoine", "diff_pts": -329.5, "pts_start": 1064.0, "opp_pts_start": 1393.5, "win": false, "pointres": -0.5, "pointres_cum": -6.5, "points_est": 1061.5, "expected_p": 0.04763164458029469, "expected_cum": 1.6083631532606475, "real_cum": 1, "overperf_cum": -0.6083631532606475, "perfs_cum": 0, "contres_cum": 0, "perf": 0, "contre": 0, "sets_for": 0, "sets_against": 3, "close_match": false}, {"date": "07/02/2026", "match_id": 12065478.0, "phase": 2, "segment_id": 6, "segment_nom": "Février", "opp_name": "GODEBERT Dylan", "diff_pts": -491.5, "pts_start": 1056.0, "opp_pts_start": 1547.5, "win": false, "pointres": 0.0, "pointres_cum": -6.5, "points_est": 1061.5, "expected_p": 0.011338120835958821, "expected_cum": 1.6197012740966064, "real_cum": 1, "overperf_cum": -0.6197012740966064, "perfs_cum": 0, "contres_cum": 0, "perf": 0, "contre": 0, "sets_for": 0, "sets_against": 3, "close_match": false}, {"date": "07/02/2026", "match_id": 12065481.0, "phase": 2, "segment_id": 6, "segment_nom": "Février", "opp_name": "DEBLOCK Vincent", "diff_pts": -637.26,