{"name": "GONCALVES MACHADO Ethan", "summary": {"matches": 10, "wins": 1, "losses": 9, "perfs": 1, "contres": 0, "perfs_possible": 6, "contres_possible": 0, "win_rate": 0.1, "diff_sets_total": 0, "dominance": 0.0, "sets_gagnes": 0, "sets_perdus": 0, "sets_pct": 0.0, "pts_pour": 0, "pts_contre": 0, "pts_pct": 0.0, "clutch_played": 0, "clutch_wins": 0, "clutch_rate": null, "clutch_index": null, "opp_pts_mean": 513.2760000000001, "pointres_total": -27.009999999999998, "pointres_mean": -2.7009999999999996, "std_points_fftt": 1.986385914166731, "dispersion_perf_contre": 0.30000000000000004, "expected_wins": 4.628975372058606, "overperf": -3.6289753720586058}, "segments": {"indiv": {"p1_s2": {"phase": 1, "segment_id": 2, "segment_nom": "Octobre", "matches": 4, "wins": 0, "losses": 4, "perfs": 0, "contres": 0, "win_rate": 0.0, "diff_sets": 0, "pointres_total": -14.629999999999999, "pointres_mean": -3.6574999999999998, "opp_pts_mean": 507.5, "expected_wins": 1.9322376764616565, "overperf": -1.9322376764616565}, "p2_s5": {"phase": 2, "segment_id": 5, "segment_nom": "16 -> 31 Jan", "matches": 3, "wins": 0, "losses": 3, "perfs": 0, "contres": 0, "win_rate": 0.0, "diff_sets": 0, "pointres_total": -10.879999999999999, "pointres_mean": -3.6266666666666665, "opp_pts_mean": 520.6666666666666, "expected_wins": 1.3608324810849401, "overperf": -1.3608324810849401}, "p2_s7": {"phase": 2, "segment_id": 7, "segment_nom": "Mars", "matches": 3, "wins": 1, "losses": 2, "perfs": 1, "contres": 0, "win_rate": 0.3333333333333333, "diff_sets": 0, "pointres_total": -1.5, "pointres_mean": -0.5, "opp_pts_mean": 513.5866666666667, "expected_wins": 1.3359052145120096, "overperf": -0.3359052145120096}}, "tous": {"p1_s2": {"phase": 1, "segment_id": 2, "segment_nom": "Octobre", "matches": 4, "wins": 0, "losses": 4, "perfs": 0, "contres": 0, "win_rate": 0.0, "diff_sets": 0, "pointres_total": -14.629999999999999, "pointres_mean": -3.6574999999999998, "opp_pts_mean": 507.5, "expected_wins": 1.9322376764616565, "overperf": -1.9322376764616565}, "p2_s5": {"phase": 2, "segment_id": 5, "segment_nom": "16 -> 31 Jan", "matches": 3, "wins": 0, "losses": 3, "perfs": 0, "contres": 0, "win_rate": 0.0, "diff_sets": 0, "pointres_total": -10.879999999999999, "pointres_mean": -3.6266666666666665, "opp_pts_mean": 520.6666666666666, "expected_wins": 1.3608324810849401, "overperf": -1.3608324810849401}, "p2_s7": {"phase": 2, "segment_id": 7, "segment_nom": "Mars", "matches": 3, "wins": 1, "losses": 2, "perfs": 1, "contres": 0, "win_rate": 0.3333333333333333, "diff_sets": 0, "pointres_total": -1.5, "pointres_mean": -0.5, "opp_pts_mean": 513.5866666666667, "expected_wins": 1.3359052145120096, "overperf": -0.3359052145120096}}}, "timeline": {"indiv": [{"date": "12/10/2025", "match_id": 10855674.0, "phase": 1, "segment_id": 2, "segment_nom": "Octobre", "opp_name": "KUHN Quentin", "diff_pts": 0.0, "pts_start": 500.0, "opp_pts_start": 500.0, "win": false, "pointres": -3.75, "pointres_cum": -3.75, "points_est": 496.25, "expected_p": 0.5, "expected_cum": 0.5, "real_cum": 0, "overperf_cum": -0.5, "perfs_cum": 0, "contres_cum": 0, "perf": 0, "contre": 0, "sets_for": 0, "sets_against": 0, "close_match": false}, {"date": "12/10/2025", "match_id": 10855679.0, "phase": 1, "segment_id": 2, "segment_nom": "Octobre", "opp_name": "MONFERRAN Arthur", "diff_pts": 0.0, "pts_start": 500.0, "opp_pts_start": 500.0, "win": false, "pointres": -3.75, "pointres_cum": -7.5, "points_est": 492.5, "expected_p": 0.5, "expected_cum": 1.0, "real_cum": 0, "overperf_cum": -1.0, "perfs_cum": 0, "contres_cum": 0, "perf": 0, "contre": 0, "sets_for": 0, "sets_against": 0, "close_match": false}, {"date": "12/10/2025", "match_id": 10855732.0, "phase": 1, "segment_id": 2, "segment_nom": "Octobre", "opp_name": "KERFAI Naël", "diff_pts": 30.0, "pts_start": 500.0, "opp_pts_start": 530.0, "win": false, "pointres": -3.38, "pointres_cum": -10.879999999999999, "points_est": 489.12, "expected_p": 0.43223767646165645, "expected_cum": 1.4322376764616565, "real_cum": 0, "overperf_cum": -1.4322376764616565, "perfs_cum": 0, "contres_cum": 0, "perf": 0, "contre": 0, "sets_for": 0, "sets_against": 0, "close_match": false}, {"date": "12/10/2025", "match_id": 10855737.0, "phase": 1, "segment_id": 2, "segment_nom": "Octobre", "opp_name": "RICHON-ADAM Laybronn", "diff_pts": 0.0, "pts_start": 500.0, "opp_pts_start": 500.0, "win": false, "pointres": -3.75, "pointres_cum": -14.629999999999999, "points_est": 485.37, "expected_p": 0.5, "expected_cum": 1.9322376764616565, "real_cum": 0, "overperf_cum": -1.9322376764616565, "perfs_cum": 0, "contres_cum": 0, "perf": 0, "contre": 0, "sets_for": 0, "sets_against": 0, "close_match": false}, {"date": "17/01/2026", "match_id": 11827208.0, "phase": 2, "segment_id": 5, "segment_nom": "16 -> 31 Jan", "opp_name": "FOURNIER Neel", "diff_pts": 48.0, "pts_start": 500.0, "opp_pts_start": 548.0, "win": false, "pointres": -3.38, "pointres_cum": -18.009999999999998, "points_est": 481.99, "expected_p": 0.39260778219865133, "expected_cum": 2.324845458660308, "real_cum": 0, "overperf_cum": -2.324845458660308, "perfs_cum": 0, "contres_cum": 0, "perf": 0, "contre": 0, "sets_for": 0, "sets_against": 0, "close_match": false}, {"date": "17/01/2026", "match_id": 11827209.0, "phase": 2, "segment_id": 5, "segment_nom": "16 -> 31 Jan", "opp_name": "PAL Amaury", "diff_pts": 0.0, "pts_start": 500.0, "opp_pts_start": 500.0, "win": false, "pointres": -3.75, "pointres_cum": -21.759999999999998, "points_est": 478.24, "expected_p": 0.5, "expected_cum": 2.824845458660308, "real_cum": 0, "overperf_cum": -2.824845458660308, "perfs_cum": 0, "contres_cum": 0, "perf": 0, "contre": 0, "sets_for": 0, "sets_against": 0, "close_match": false}, {"date": "17/01/2026", "match_id": 11827211.0, "phase": 2, "segment_id": 5, "segment_nom": "16 -> 31 Jan", "opp_name": "OUCHEIKH SCARAMUZZIN Nin", "diff_pts": 14.0, "pts_start": 500.0, "opp_pts_start": 514.0, "win": false, "pointres": -3.75, "pointres_cum": -25.509999999999998, "points_est": 474.49, "expected_p": 0.46822469888628876, "expected_cum": 3.2930701575465964, "real_cum": 0, "overperf_cum": -3.2930701575465964, "perfs_cum": 0, "contres_cum": 0, "perf": 0, "contre": 0, "sets_for": 0, "sets_against": 0, "close_match": false}, {"date": "22/03/2026", "match_id": 12619800.0, "phase": 2, "segment_id": 7, "segment_nom": "Mars", "opp_name": "BOU ANICH Sacha", "diff_pts": 10.879999999999995, "pts_start": 489.12, "opp_pts_start": 500.0, "win": true, "pointres": 3.0, "pointres_cum": -22.509999999999998, "points_est": 477.49, "expected_p": 0.4752928664968578, "expected_cum": 3.7683630240434542, "real_cum": 1, "overperf_cum": -2.7683630240434542, "perfs_cum": 1, "contres_cum": 0, "perf": 1, "contre": 0, "sets_for": 0, "sets_against": 0, "close_match": false}, {"date": "22/03/2026", "match_id": 12619914.0, "phase": 2, "segment_id": 7, "segment_nom": "Mars", "opp_name": "MAHE LAGUERRE Eliott", "diff_pts": 6.3799999999999955, "pts_start": 489.12, "opp_pts_start": 495.5, "win": false, "pointres": -2.5, "pointres_cum": -25.009999999999998, "points_est": 474.99, "expected_p": 0.4855040634663887, "expected_cum": 4.2538670875098425, "real_cum": 1, "overperf_cum": -3.253867087509843, "perfs_cum": 1, "contres_cum": 0, "perf": 0, "contre": 0, "sets_for": 0, "sets_against": 0, "close_match": false}, {"date": "22/03/2026", "match_id": 12619916.0, "phase": 2, "segment_id": 7, "segment_nom": "Mars", "opp_name": "LARADE Noah", "diff_pts": 56.139999999999986, "pts_start": 489.12, "opp_pts_start": 545.26, "win": false, "pointres": -2.0, "pointres_cum": -27.009999999999998, "points_est": 472.99, "expected_p": 0.37510828454876305, "expected_cum": 4.628975372058606, "real_cum": 1, "overperf_cum": -3.628975372058606, "perfs_cum": 1, "contres_cum": 0, "perf": 0, "contre": 0, "sets_for": 0, "sets_against": 0, "close_match": false}], "tous": [{"date": "12/10/2025", "match_id": 10855674.0, "phase": 1, "segment_id": 2, "segment_nom": "Octobre",