{"name": "BOUGAULT Sebastien", "summary": {"matches": 14, "wins": 6, "losses": 8, "perfs": 3, "contres": 0, "win_rate": 0.42857142857142855, "diff_sets_total": -6, "dominance": -0.42857142857142855, "clutch_played": 3, "clutch_wins": 1, "clutch_rate": 0.3333333333333333, "clutch_index": -0.09523809523809523, "opp_pts_mean": 558.045, "pointres_total": 10.0, "pointres_mean": 0.7142857142857143, "std_points_fftt": 4.312416813749595, "dispersion_perf_contre": 0.410325903324145, "expected_wins": 5.3463088922932185, "overperf": 0.6536911077067815}, "segments": {"equipe": {"p2_s6": {"phase": 2, "segment_id": 6, "segment_nom": "Février", "matches": 3, "wins": 0, "losses": 3, "perfs": 0, "contres": 0, "win_rate": 0.0, "diff_sets": -5, "pointres_total": -11.0, "pointres_mean": -3.6666666666666665, "opp_pts_mean": 584.96, "expected_wins": 0.9702400851453584, "overperf": -0.9702400851453584}, "p2_s7": {"phase": 2, "segment_id": 7, "segment_nom": "Mars", "matches": 3, "wins": 2, "losses": 1, "perfs": 2, "contres": 0, "win_rate": 0.6666666666666666, "diff_sets": 1, "pointres_total": 9.0, "pointres_mean": 3.0, "opp_pts_mean": 531.5, "expected_wins": 1.2532501600515504, "overperf": 0.7467498399484496}, "p2_s8": {"phase": 2, "segment_id": 8, "segment_nom": "Avril", "matches": 3, "wins": 1, "losses": 2, "perfs": 1, "contres": 0, "win_rate": 0.3333333333333333, "diff_sets": -2, "pointres_total": 8.0, "pointres_mean": 2.6666666666666665, "opp_pts_mean": 658.9166666666666, "expected_wins": 0.5923114188709682, "overperf": 0.40768858112903184}}, "indiv": {"p2_s6": {"phase": 2, "segment_id": 6, "segment_nom": "Février", "matches": 5, "wins": 3, "losses": 2, "perfs": 0, "contres": 0, "win_rate": 0.6, "diff_sets": 0, "pointres_total": 4.0, "pointres_mean": 0.8, "opp_pts_mean": 497.3, "expected_wins": 2.5305072282253414, "overperf": 0.46949277177465865}}, "tous": {"p2_s6": {"phase": 2, "segment_id": 6, "segment_nom": "Février", "matches": 8, "wins": 3, "losses": 5, "perfs": 0, "contres": 0, "win_rate": 0.375, "diff_sets": -5, "pointres_total": -7.0, "pointres_mean": -0.875, "opp_pts_mean": 530.1725, "expected_wins": 3.5007473133706997, "overperf": -0.5007473133706997}, "p2_s7": {"phase": 2, "segment_id": 7, "segment_nom": "Mars", "matches": 3, "wins": 2, "losses": 1, "perfs": 2, "contres": 0, "win_rate": 0.6666666666666666, "diff_sets": 1, "pointres_total": 9.0, "pointres_mean": 3.0, "opp_pts_mean": 531.5, "expected_wins": 1.2532501600515504, "overperf": 0.7467498399484496}, "p2_s8": {"phase": 2, "segment_id": 8, "segment_nom": "Avril", "matches": 3, "wins": 1, "losses": 2, "perfs": 1, "contres": 0, "win_rate": 0.3333333333333333, "diff_sets": -2, "pointres_total": 8.0, "pointres_mean": 2.6666666666666665, "opp_pts_mean": 658.9166666666666, "expected_wins": 0.5923114188709682, "overperf": 0.40768858112903184}}}, "timeline": {"equipe": [{"date": "06/02/2026", "match_id": 12031934.0, "phase": 2, "segment_id": 6, "segment_nom": "Février", "opp_name": "GONCALVES Melanie", "diff_pts": -13.0, "pts_start": 500.0, "opp_pts_start": 513.0, "win": false, "pointres": -5.0, "pointres_cum": -5.0, "points_est": 495.0, "expected_p": 0.4704888857969182, "expected_cum": 0.4704888857969182, "real_cum": 0, "overperf_cum": -0.4704888857969182, "perfs_cum": 0, "contres_cum": 0, "perf": 0, "contre": 0, "sets_for": 2, "sets_against": 3, "close_match": true}, {"date": "06/02/2026", "match_id": 12031942.0, "phase": 2, "segment_id": 6, "segment_nom": "Février", "opp_name": "CHAPERT Hugo", "diff_pts": -118.0, "pts_start": 500.0, "opp_pts_start": 618.0, "win": false, "pointres": -3.0, "pointres_cum": -8.0, "points_est": 492.0, "expected_p": 0.2548847783862309, "expected_cum": 0.7253736641831492, "real_cum": 0, "overperf_cum": -0.7253736641831492, "perfs_cum": 0, "contres_cum": 0, "perf": 0, "contre": 0, "sets_for": 0, "sets_against": 3, "close_match": false}, {"date": "06/02/2026", "match_id": 12031946.0, "phase": 2, "segment_id": 6, "segment_nom": "Février", "opp_name": "JUVIGNY Alain", "diff_pts": -123.88, "pts_start": 500.0, "opp_pts_start": 623.88, "win": false, "pointres": -3.0, "pointres_cum": -11.0, "points_est": 489.0, "expected_p": 0.24486642096220929, "expected_cum": 0.9702400851453585, "real_cum": 0, "overperf_cum": -0.9702400851453585, "perfs_cum": 0, "contres_cum": 0, "perf": 0, "contre": 0, "sets_for": 2, "sets_against": 3, "close_match": true}, {"date": "20/03/2026", "match_id": 12530230.0, "phase": 2, "segment_id": 7, "segment_nom": "Mars", "opp_name": "COYERE Frederic", "diff_pts": -103.0, "pts_start": 493.0, "opp_pts_start": 596.0, "win": false, "pointres": -3.0, "pointres_cum": -14.0, "points_est": 486.0, "expected_p": 0.28163545596706674, "expected_cum": 1.2518755411124252, "real_cum": 0, "overperf_cum": -1.2518755411124252, "perfs_cum": 0, "contres_cum": 0, "perf": 0, "contre": 0, "sets_for": 0, "sets_against": 3, "close_match": false}, {"date": "20/03/2026", "match_id": 12530236.0, "phase": 2, "segment_id": 7, "segment_nom": "Mars", "opp_name": "ADAM Francis", "diff_pts": -1.0, "pts_start": 493.0, "opp_pts_start": 494.0, "win": true, "pointres": 6.0, "pointres_cum": -8.0, "points_est": 492.0, "expected_p": 0.49772728837953506, "expected_cum": 1.7496028294919603, "real_cum": 1, "overperf_cum": -0.7496028294919602, "perfs_cum": 1, "contres_cum": 0, "perf": 1, "contre": 0, "sets_for": 3, "sets_against": 0, "close_match": false}, {"date": "20/03/2026", "match_id": 12530242.0, "phase": 2, "segment_id": 7, "segment_nom": "Mars", "opp_name": "KRAJKA Eric", "diff_pts": -11.5, "pts_start": 493.0, "opp_pts_start": 504.5, "win": true, "pointres": 6.0, "pointres_cum": -2.0, "points_est": 498.0, "expected_p": 0.4738874157049486, "expected_cum": 2.223490245196909, "real_cum": 2, "overperf_cum": -0.22349024519690885, "perfs_cum": 2, "contres_cum": 0, "perf": 1, "contre": 0, "sets_for": 3, "sets_against": 2, "close_match": true}, {"date": "10/04/2026", "match_id": null, "phase": 2, "segment_id": 8, "segment_nom": "Avril", "opp_name": "JOBLIN Alain", "diff_pts": -123.0, "pts_start": 502.0, "opp_pts_start": 625.0, "win": true, "pointres": 10.0, "pointres_cum": 8.0, "points_est": 508.0, "expected_p": 0.24634869333118087, "expected_cum": 2.4698389385280897, "real_cum": 3, "overperf_cum": 0.5301610614719102, "perfs_cum": 3, "contres_cum": 0, "perf": 1, "contre": 0, "sets_for": 3, "sets_against": 0, "close_match": false}, {"date": "10/04/2026", "match_id": null, "phase": 2, "segment_id": 8, "segment_nom": "Avril", "opp_name": "CAPITAINE Margaux", "diff_pts": -198.25, "pts_start": 502.0, "opp_pts_start": 700.25, "win": false, "pointres": -2.0, "pointres_cum": 6.0, "points_est": 506.0, "expected_p": 0.14157463243698773, "expected_cum": 2.611413570965077, "real_cum": 3, "overperf_cum": 0.38858642903492246, "perfs_cum": 3, "contres_cum": 0, "perf": 0, "contre": 0, "sets_for": 0, "sets_against": 3, "close_match": false}, {"date": "10/04/2026", "match_id": null, "phase": 2, "segment_id": 8, "segment_nom": "Avril", "opp_name": "DA COSTA MARCELINO Nolan", "diff_pts": -149.5, "pts_start": 502.0, "opp_pts_start": 651.5, "win": false, "pointres": 0.0, "pointres_cum": 6.0, "points_est": 506.0, "expected_p": 0.2043880931027996, "expected_cum": 2.8158016640678767, "real_cum": 3, "overperf_cum": 0.18419833593212287, "perfs_cum": 3, "contres_cum": 0, "perf": 0, "contre": 0, "sets_for": 1, "sets_against": 3, "close_match": false}], "indiv": [{"date": "01/02/2026", "match_id": 12022889.0, "phase": 2, "segment_id": 6, "segment_nom": "Février", "opp_name": "PAULIN Etienne", "diff_pts": -4.0, "pts_start": 500.0, "opp_pts_start": 504.0, "win": false, "pointres": -2.5, "pointres_cum": -2.5, "points_est": 497.5, "expected_p": 0.4909100925297132, "expected_cum": 0.4909100925297132, "real_cum": 0, "overperf_cum": -0.4909100925297132, "perfs_cum": 0, "contres_cum": 0, "perf": 0, "contre": 0, "sets_for": 0, "sets_against": 0, "close_match": false}, {"date": "01/02/2026", "match_id": 12022924.0, "phase": 2, "segment_id": 6,