{"name": "COMPAGNON Thomas", "summary": {"matches": 9, "wins": 4, "losses": 5, "perfs": 0, "contres": 1, "win_rate": 0.4444444444444444, "diff_sets_total": -2, "dominance": -0.2222222222222222, "clutch_played": 1, "clutch_wins": 0, "clutch_rate": 0.0, "clutch_index": -0.4444444444444444, "opp_pts_mean": 547.9444444444445, "pointres_total": 4.99, "pointres_mean": 0.5544444444444445, "std_points_fftt": 4.505485819435657, "dispersion_perf_contre": 0.31426968052735454, "expected_wins": 3.8146968063497093, "overperf": 0.1853031936502907}, "segments": {"equipe": {"p1_s3": {"phase": 1, "segment_id": 3, "segment_nom": "Novembre", "matches": 3, "wins": 2, "losses": 1, "perfs": 0, "contres": 1, "win_rate": 0.6666666666666666, "diff_sets": 3, "pointres_total": 6.5, "pointres_mean": 2.1666666666666665, "opp_pts_mean": 483.6666666666667, "expected_wins": 1.610837101306231, "overperf": 0.38916289869376897}, "p1_s4": {"phase": 1, "segment_id": 4, "segment_nom": "1 Déc -> 15 Jan", "matches": 3, "wins": 1, "losses": 2, "perfs": 0, "contres": 0, "win_rate": 0.3333333333333333, "diff_sets": -2, "pointres_total": -0.009999999999999787, "pointres_mean": -0.0033333333333332624, "opp_pts_mean": 601.1666666666666, "expected_wins": 1.0703177776530568, "overperf": -0.0703177776530568}, "p2_s6": {"phase": 2, "segment_id": 6, "segment_nom": "Février", "matches": 3, "wins": 1, "losses": 2, "perfs": 0, "contres": 0, "win_rate": 0.3333333333333333, "diff_sets": -3, "pointres_total": -1.5, "pointres_mean": -0.5, "opp_pts_mean": 559.0, "expected_wins": 1.1335419273904215, "overperf": -0.13354192739042148}}, "tous": {"p1_s3": {"phase": 1, "segment_id": 3, "segment_nom": "Novembre", "matches": 3, "wins": 2, "losses": 1, "perfs": 0, "contres": 1, "win_rate": 0.6666666666666666, "diff_sets": 3, "pointres_total": 6.5, "pointres_mean": 2.1666666666666665, "opp_pts_mean": 483.6666666666667, "expected_wins": 1.610837101306231, "overperf": 0.38916289869376897}, "p1_s4": {"phase": 1, "segment_id": 4, "segment_nom": "1 Déc -> 15 Jan", "matches": 3, "wins": 1, "losses": 2, "perfs": 0, "contres": 0, "win_rate": 0.3333333333333333, "diff_sets": -2, "pointres_total": -0.009999999999999787, "pointres_mean": -0.0033333333333332624, "opp_pts_mean": 601.1666666666666, "expected_wins": 1.0703177776530568, "overperf": -0.0703177776530568}, "p2_s6": {"phase": 2, "segment_id": 6, "segment_nom": "Février", "matches": 3, "wins": 1, "losses": 2, "perfs": 0, "contres": 0, "win_rate": 0.3333333333333333, "diff_sets": -3, "pointres_total": -1.5, "pointres_mean": -0.5, "opp_pts_mean": 559.0, "expected_wins": 1.1335419273904215, "overperf": -0.13354192739042148}}}, "timeline": {"equipe": [{"date": "14/11/2025", "match_id": 11062371.0, "phase": 1, "segment_id": 3, "segment_nom": "Novembre", "opp_name": "BRIAND Jean Charles", "diff_pts": 19.0, "pts_start": 500.0, "opp_pts_start": 481.0, "win": false, "pointres": -5.0, "pointres_cum": -5.0, "points_est": 495.0, "expected_p": 0.5430747777678876, "expected_cum": 0.5430747777678876, "real_cum": 0, "overperf_cum": -0.5430747777678876, "perfs_cum": 0, "contres_cum": 1, "perf": 0, "contre": 1, "sets_for": 2, "sets_against": 3, "close_match": true}, {"date": "14/11/2025", "match_id": 11062381.0, "phase": 1, "segment_id": 3, "segment_nom": "Novembre", "opp_name": "EZATI Sharam", "diff_pts": 0.0, "pts_start": 500.0, "opp_pts_start": 500.0, "win": true, "pointres": 6.0, "pointres_cum": 1.0, "points_est": 501.0, "expected_p": 0.5, "expected_cum": 1.0430747777678877, "real_cum": 1, "overperf_cum": -0.043074777767887595, "perfs_cum": 0, "contres_cum": 1, "perf": 0, "contre": 0, "sets_for": 3, "sets_against": 1, "close_match": false}, {"date": "14/11/2025", "match_id": 11062387.0, "phase": 1, "segment_id": 3, "segment_nom": "Novembre", "opp_name": "TRAN Davy", "diff_pts": 30.0, "pts_start": 500.0, "opp_pts_start": 470.0, "win": true, "pointres": 5.5, "pointres_cum": 6.5, "points_est": 506.5, "expected_p": 0.5677623235383435, "expected_cum": 1.6108371013062313, "real_cum": 2, "overperf_cum": 0.38916289869376886, "perfs_cum": 0, "contres_cum": 1, "perf": 0, "contre": 0, "sets_for": 3, "sets_against": 1, "close_match": false}, {"date": "05/12/2025", "match_id": 11430301.0, "phase": 1, "segment_id": 4, "segment_nom": "1 Déc -> 15 Jan", "opp_name": "MHOUSSINE Nadjime", "diff_pts": -36.5, "pts_start": 506.5, "opp_pts_start": 543.0, "win": false, "pointres": -3.38, "pointres_cum": 3.12, "points_est": 503.12, "expected_p": 0.41779829738907254, "expected_cum": 2.028635398695304, "real_cum": 2, "overperf_cum": -0.028635398695303682, "perfs_cum": 0, "contres_cum": 1, "perf": 0, "contre": 0, "sets_for": 1, "sets_against": 3, "close_match": false}, {"date": "05/12/2025", "match_id": 11430305.0, "phase": 1, "segment_id": 4, "segment_nom": "1 Déc -> 15 Jan", "opp_name": "REYNOLDS Dylan", "diff_pts": 36.5, "pts_start": 506.5, "opp_pts_start": 470.0, "win": true, "pointres": 4.12, "pointres_cum": 7.24, "points_est": 507.24, "expected_p": 0.5822017026109274, "expected_cum": 2.610837101306231, "real_cum": 3, "overperf_cum": 0.3891628986937689, "perfs_cum": 0, "contres_cum": 1, "perf": 0, "contre": 0, "sets_for": 3, "sets_against": 0, "close_match": false}, {"date": "05/12/2025", "match_id": 11430308.0, "phase": 1, "segment_id": 4, "segment_nom": "1 Déc -> 15 Jan", "opp_name": "BOISSEAU Kevin", "diff_pts": -284.0, "pts_start": 506.5, "opp_pts_start": 790.5, "win": false, "pointres": -0.75, "pointres_cum": 6.49, "points_est": 506.49, "expected_p": 0.07031777765305672, "expected_cum": 2.681154878959288, "real_cum": 3, "overperf_cum": 0.31884512104071216, "perfs_cum": 0, "contres_cum": 1, "perf": 0, "contre": 0, "sets_for": 0, "sets_against": 3, "close_match": false}, {"date": "06/02/2026", "match_id": 12032174.0, "phase": 2, "segment_id": 6, "segment_nom": "Février", "opp_name": "BROAGE Stephanie", "diff_pts": 1.0, "pts_start": 501.0, "opp_pts_start": 500.0, "win": true, "pointres": 6.0, "pointres_cum": 12.49, "points_est": 512.49, "expected_p": 0.5022727116204649, "expected_cum": 3.1834275905797527, "real_cum": 4, "overperf_cum": 0.8165724094202472, "perfs_cum": 0, "contres_cum": 1, "perf": 0, "contre": 0, "sets_for": 3, "sets_against": 1, "close_match": false}, {"date": "06/02/2026", "match_id": 12032184.0, "phase": 2, "segment_id": 6, "segment_nom": "Février", "opp_name": "SIRET Eric", "diff_pts": -50.0, "pts_start": 501.0, "opp_pts_start": 551.0, "win": false, "pointres": -4.5, "pointres_cum": 7.99, "points_est": 507.99, "expected_p": 0.38828058859283865, "expected_cum": 3.5717081791725915, "real_cum": 4, "overperf_cum": 0.4282918208274086, "perfs_cum": 0, "contres_cum": 1, "perf": 0, "contre": 0, "sets_for": 0, "sets_against": 3, "close_match": false}, {"date": "06/02/2026", "match_id": 12032192.0, "phase": 2, "segment_id": 6, "segment_nom": "Février", "opp_name": "LEDOLLEY Dominique", "diff_pts": -125.0, "pts_start": 501.0, "opp_pts_start": 626.0, "win": false, "pointres": -3.0, "pointres_cum": 4.99, "points_est": 504.99, "expected_p": 0.242988627177118, "expected_cum": 3.8146968063497093, "real_cum": 4, "overperf_cum": 0.18530319365029058, "perfs_cum": 0, "contres_cum": 1, "perf": 0, "contre": 0, "sets_for": 1, "sets_against": 3, "close_match": false}], "tous": [{"date": "14/11/2025", "match_id": 11062371.0, "phase": 1, "segment_id": 3, "segment_nom": "Novembre", "opp_name": "BRIAND Jean Charles", "diff_pts": 19.0, "pts_start": 500.0, "opp_pts_start": 481.0, "win": false, "pointres": -5.0, "pointres_cum": -5.0, "points_est": 495.0, "expected_p": 0.5430747777678876, "expected_cum": 0.5430747777678876, "real_cum": 0, "overperf_cum": -0.5430747777678876, "perfs_cum": 0, "contres_cum": 1, "perf": 0, "contre": 1, "sets_for": 2, "sets_against": 3, "close_match": true}, {"date": "14/11/2025", "match_id": 11062381.0, "phase": 1, "segment_id": 3, "segment_nom": "Novembre", "opp_name": "EZATI Sharam", "diff_pts": 0.0, "pts_start": 500.0, "opp_pts_start": 500.0, "win": true, "pointres": 6.0,